Metric,F-Value,P-Value
CBO,0.7379274400844987,0.5662960882693873
WMC,3.0431077134580082,0.01676578960626631
DIT,4.365293152940423,0.0017199080730000472
NOC,4.934819717115731,0.0006323771256891137
RFC,1.742333816487274,0.13891179085065375
LCOM,1.8291859490916667,0.12144926947010404
LOC,2.3215071789237474,0.05547737024224774
